<?xml version="1.0" encoding="UTF-8"?>
<ui>
    <interface id="dataplicity">
        <mastertabcontainer title="${device.name}" id="top-tabs">
            <tab title="Network settings">
    		<graph title="Temperature"
        	     sampler="network"
        	     min="20"
        	     max="80"
        	     xunit="Time" yunit="Temperature (degrees)" />
	    	<form button="Update" title="Network parameters">
                    <textedit title="Network Type (0 - None, 1 - wlan0, 2 - Eth0)"
                        source="device.settings.smartdesk.network.code"
                        destination="device.settings.smartdesk.network.code" type="float" />
                </form>
	    </tab>
	</mastertabcontainer>
    </interface>
</ui>
