<?xml version="1.0" encoding="UTF-8"?>
<ui>
    <interface id="dataplicity">
        <mastertabcontainer title="${device.name}" id="top-tabs">
            <tab title="Network settings">
    		<graph title="Temperature"
        	     sampler="network"
        	     min="20"
        	     max="80"
        	     xunit="Time" yunit="Temperature (degrees)" />
		<text>TYPES: 10 - None, 15 wLan0, 20 Eth0</text>
		<form button="Update" title="Network parameters">
                    <textedit title="Network Type"
                        source="device.settings.smartdesk.connection.code"
                        destination="device.settings.smartdesk.connection.code" type="float" />
                </form>
	    </tab>
	</mastertabcontainer>
    </interface>
</ui>
